MechanismId,Category,Mechanism,PrePublishCheck,ExpectedResult,Priority,Status,Notes
M001,Startup,Script loads without runtime errors,Launch game with ScriptHookVDotNet and watch startup,No exceptions; mod shows loaded notification,Critical,OK,
M002,Startup,Required dependencies present,"Verify ScriptHookV, ScriptHookVDotNet3, LemonUI are installed",Mod features initialize correctly,Critical,OK,
M003,Config,INI file resolution,Test INI in supported locations,Mod reads configuration without fallback errors,High,OK,
M004,Config,Control parsing,Set custom keys in INI and restart,Custom bindings are applied,High,OK,
M005,Config,Invalid key fallback,Put an invalid key token in INI,Binding falls back to default safely,Medium,Pending,
M006,Controls,F7 open mod menu,Press OpenModMenu key,Game Mod Control menu opens/closes reliably,Critical,OK,
M007,Controls,F7 activate default off,Start a new session and open F7 menu,Activate is Off by default,Critical,OK,
M008,Controls,Global mechanics toggle,Switch Activate Off then On from F7,Off disables mechanics; On restores mechanics,Critical,OK,
M009,Controls,F7 game mode selector,Cycle Game mod option left/right,Option switches between fun and carrier,Medium,OK,
M010,Controls,F7 difficulty submenu,Open Difficulty settings then Back,Submenu opens and returns to F7 menu,High,OK,
M011,Controls,Vehicle fuel difficulty toggle,Toggle Vehicle fuel setting,Value switches between Enable and Disable,Medium,OK,
M012,Controls,Gate interaction key,Press GateInteract near supported gates,Gate interaction triggers from configured key,High,OK,
M013,Controls,Interact key near office,Press Interact at main office marker,Office logistics menu opens,High,OK,
M014,Controls,Interact key near industry,Press Interact at industry marker,Industry tablet opens,High,OK,
M015,Controls,Menu navigation keys,Use Up/Down/Left/Right/Enter/Backspace in menus,Navigation and selection work consistently,Critical,OK,
M016,UI,Office menu tablet theme,Open office menu,Tablet visual theme renders correctly,Medium,OK,
M017,UI,F7 menu layout and visibility,Open F7 menu and inspect all rows,Rows fit width; activation options are readable,High,OK,
M018,UI,Industry tablet pages,"Navigate Main, Load, Unload, Statistics, Upgrades",All pages draw and navigate correctly,High,OK,
M019,UI,Progress bar rendering,Trigger load/unload transfer,Progress bar updates and completes,Medium,OK,
M020,UI,Status/help text behavior,Trigger prompts and status notifications,Messages are readable and context-correct,Medium,OK,
M021,Map,Office marker draw and prompt,Approach office location,Marker and help prompt appear in range,Medium,OK,
M022,Map,Industry marker draw and prompt,Approach industry locations,Markers and prompts appear in range,Medium,OK,
M023,Map,Blip creation,Start with mechanics enabled,"Office, vehicle spawn, and industry blips appear",High,OK,
M024,Map,Blip refresh,Move and wait refresh interval,Blip positions stay synchronized,Medium,OK,
M025,Map,Blip cleanup,Disable mechanics or abort script,Blips are removed and do not linger,High,OK,
M026,Fleet,Spawn non-trailer vehicle,Spawn from office menu with non-trailer selection,Vehicle spawns and is driveable,Critical,OK,
M027,Fleet,Spawn trailer plus tractor,Spawn trailer cargo with selected tractor,Truck+trailer spawn and attach correctly,Critical,OK,
M028,Fleet,Player seat placement,Spawn vehicle while on foot,Player is placed in driver seat,Medium,OK,
M029,Fleet,Cargo state initialization,Spawn and inspect empty cargo state,Cargo type/capacity are initialized correctly,High,OK,
M030,Fleet,Cargo filter behavior,Cycle cargo filter in office menu,Only compatible spawn options are shown,High,OK,
M031,CargoVisuals,Crate prop visuals,Load crate commodity and observe vehicle,Crates appear in stable valid positions,High,OK,
M032,CargoVisuals,Solid prop visuals,Load Alloy/Metal and observe trailer,Solid props are centered and attached correctly,High,OK,
M033,CargoVisuals,Loose cargo handling,Load loose commodity,No broken prop behavior; expected loose handling shown,Medium,OK,
M034,CargoVisuals,Visual cleanup,Unload cargo to empty or clear state,Attached props are removed cleanly,High,OK,
M035,CargoVisuals,Trailer resolution fallback,Use vehicles where TowedVehicle is unreliable,Cargo visuals still target correct trailer,High,OK,
M036,Industry,Load transfer flow,Load compatible output from industry,Stock decreases and vehicle cargo increases,Critical,OK,
M037,Industry,Unload transfer flow,Unload accepted commodity to destination industry,Input increases and cargo decreases,Critical,OK,
M038,Industry,Omega unload mode,Use industry with multiple inputs supporting omega,Unload mode selection behaves correctly,High,OK,
M039,Industry,Commodity compatibility guards,Attempt invalid load/unload combinations,Action is rejected with clear status,High,OK,
M040,Industry,Transfer lock guard,Attempt second transfer during active transfer,Second transfer is blocked safely,Medium,OK,
M041,Industry,Upgrade purchase flow,Buy modules from tablet/menu with enough funds,Upgrade applies and balance updates,High,OK,
M042,Industry,Upgrade constraint checks,Attempt unavailable/insufficient-funds upgrade,Upgrade is blocked with correct reason,High,OK,
M043,Economy,Industry production update,Let simulation run with valid inputs,Outputs increase according to recipes/rates,Critical,OK,
M044,Economy,Omega boost behavior,Compare with/without omega-capable setup,Boosted behavior follows design,High,OK,
M045,Economy,Petrol station drain,Monitor petrol station fuel over time,Fuel drains according to density profile,High,OK,
M046,Economy,Delivery profit calculation,Deliver commodities to sink and non-sink industries,Profit values match expected formulas,Critical,OK,
M047,Economy,Global market response,Deliver TV/Computer repeatedly,Market behavior responds to deliveries,Medium,OK,
M048,GateSystem,Nearby gate prompt,Stand near supported barrier/gate,Prompt shows GateInteract key,High,OK,
M049,GateSystem,Animated sliding gate open,Use supported sliding gate models,Door system animation opens gate naturally,High,OK,
M050,GateSystem,Non-animated barrier fallback,Use arm barrier models,Fallback opening behavior works reliably,Medium,Pending,
M051,Lifecycle,Disable mechanics cleanup,Set Activate to Off during gameplay,Transfers/UI/dashboard/context are safely stopped,Critical,OK,
M052,Lifecycle,Abort cleanup safety,Reload scripts or force abort,Events and temporary entities clean up correctly,High,OK,
M053,Build,Release compilation,Run dotnet build -c Release,Build succeeds with zero errors,Critical,OK,
M054,Packaging,Runtime file package completeness,Prepare release package and verify file list,"Package includes DLL, INI, README, required dependencies note",Critical,OK,
M055,Publishing,Pre-release smoke test,Run 10-15 minute mixed gameplay loop,"No crash, no hard lock, no major UI/input regression",Critical,OK,
M056,Publishing,Web release metadata,"Verify version, changelog, and setup instructions",Users can install and run from published artifacts,High,OK,
M057,FuturePlaceholders,Game mode mechanics placeholders,Toggle fun/carrier modes in F7,UI state switches cleanly; no unintended side effects,Low,OK,
M058,FuturePlaceholders,Vehicle fuel placeholder,Toggle Vehicle fuel in Difficulty settings,UI state persists during session without errors,Low,OK,
